,Gene cluster #0,Gene cluster #1,Gene cluster #2,Gene cluster #3,Gene cluster #4,Gene cluster #5,Gene cluster #6,Gene cluster #7,Gene cluster #8,Gene cluster #9,Gene cluster #10,Gene cluster #11,Gene cluster #12,Gene cluster #13,Gene cluster #14,Gene cluster #15,Gene cluster #16,Gene cluster #17
1,0.2986451996068773,0.20947453279742242,0.16065487988183755,0.2724943525589588,0.6456662723226115,0.38311594517521647,0.20534106103049582,0.22579352880449557,0.36681208424823825,0.08275830593111783,0.3318329966385893,0.24012594002376364,0.16151911902806515,0.3865696066449379,0.28204509520911575,0.36837928031598965,0.13297623303951148,0.2384451065267093
2,0.30283035795987895,0.2237091401973304,0.16831782344287916,0.276646182705657,0.6494357622251977,0.39175054830395145,0.21399792791480857,0.22833768192720633,0.368239113179753,0.08205594088441621,0.3274669195950061,0.22554403195004358,0.1523639327749066,0.38617840785908963,0.2815776659100341,0.3670101596845005,0.12562378745769065,0.23813330152260828
4,0.3016355663688237,0.2138582915735159,0.16265010359075371,0.27470659678631176,0.6402006411690147,0.3867726342272452,0.210569717192813,0.2280103634843677,0.3647355776136611,0.08477458322071176,0.32739710434005376,0.23637230219160846,0.15879259007602164,0.38832350906880936,0.28564912154586475,0.37176769997056497,0.13095368237473015,0.23602036596906212
5,0.2983282585905409,0.20708018552696256,0.1595905334600436,0.2868779417509409,0.6547269435236066,0.3884529361219266,0.20422050186982482,0.22297519802166912,0.3517719137361262,0.08171551500465792,0.3355215167642917,0.2377710439755592,0.15876020701630794,0.3766728292422891,0.2676516588640181,0.36653638106607844,0.13194409713929317,0.2350193284110166
6,0.3034538328356736,0.20775014816720835,0.1601627541481329,0.26902459800226636,0.6320742486277291,0.38313153584382426,0.20591101186396313,0.22250044751533438,0.3665881273802682,0.07865035638305269,0.3306770745613208,0.24005198276326914,0.16093515207209486,0.3788920489852255,0.28934498776066553,0.36637731565971177,0.13421696463823532,0.23741457031404634
8,0.29512507665579224,0.21216692852692037,0.16111736080563493,0.2820616154909828,0.6519810069173012,0.3925340844682815,0.20814453465699895,0.22477971317130407,0.35935882872155284,0.08725156182307053,0.3335014883730273,0.23346082623686631,0.1560607841733282,0.37774810009109716,0.2789051838722071,0.36318532085205923,0.12915323037480778,0.23792352767129069
19,0.2975302617553666,0.2047308407569402,0.15785903492340145,0.2792386595963642,0.6536252090491013,0.38545966737784754,0.2033293669381201,0.223042312356526,0.35674686487956225,0.08461129506000696,0.33374098789938034,0.24038031789612205,0.15976211633365334,0.3758123484717319,0.2711649697896338,0.3680818728860077,0.1328392234023743,0.2365020828748629
22,0.299967691972932,0.20186888746688814,0.15817674926344433,0.2762122041552795,0.6449598364285326,0.38241206242630393,0.2023029284492413,0.22186503305668487,0.3572368085453362,0.0782608390524008,0.33355288548098294,0.24267858238430443,0.1633709074990648,0.38355546922155564,0.27911253794442525,0.36923975815784355,0.13581952407441364,0.2342893113861635
23,0.3056072899742378,0.21603253708231782,0.16203828124507885,0.27242843263589017,0.6466767093461867,0.3849860790831047,0.2094261099428663,0.22469142860887475,0.3607661210819853,0.07901488261588957,0.32434916892728693,0.22894325118720119,0.15101309431450402,0.38804263213312473,0.2569007166036945,0.3691939224427528,0.12478754060034594,0.22914127108888185
24,0.3039280978682274,0.2168740369781016,0.16414703964088664,0.27186779016019796,0.6399291477155729,0.3866727162422599,0.21134196904677457,0.22759718422888248,0.36623317734669497,0.07929977752722313,0.3256333327110623,0.23242365802070938,0.15602438659123818,0.3907417719153847,0.2802122324614812,0.37325873155631906,0.12879675780186942,0.23300689874472452
30,0.3061258395971132,0.228168589029373,0.17314149627334627,0.27185772259034374,0.6394670548773689,0.3902822779004221,0.21593664551231928,0.22578057772861315,0.36812500617790156,0.07738772710543038,0.32118858977239184,0.2165068979230206,0.14873999845930028,0.3883951042443542,0.2793370140944583,0.3712755475856514,0.12374237367167534,0.23338351425909235
35,0.297931819919949,0.22725599037269067,0.1998008366851562,0.2784054579527045,0.6308319979226262,0.38395429736073655,0.20281886189747045,0.2020813813241261,0.3615696885669491,0.08335922472980263,0.3287786580424721,0.19679116920611817,0.15968080783695937,0.38880357021741574,0.2845227586386705,0.3716238337201934,0.1426898753413688,0.2350741878328349
36,0.30079863160532433,0.22751440606972212,0.19757767125309844,0.28275682560153675,0.6417597068229225,0.38698187976858905,0.20230739103076864,0.202691348585004,0.3605361868780005,0.0830574770038441,0.33188020551716996,0.19745278861400575,0.15767353575477855,0.3882212398030948,0.2800943084758,0.37050086408015415,0.14067348657441248,0.23691594326139895
39,0.30445259865734975,0.22632685529467625,0.18580339859253703,0.276007747277825,0.6440086576303143,0.38823581117614997,0.20816735620122462,0.21400807221555246,0.36276824904834926,0.07663123553636501,0.3286109081473798,0.208659541531428,0.15496027698541195,0.3862285078080307,0.2831895188924285,0.37021303416775125,0.13373498400624453,0.23644821131303836
40,0.29964238196890974,0.2120896433834723,0.16226412266675588,0.2914577705959003,0.6540503105478825,0.3924825445853338,0.2074982197900488,0.22521701324511506,0.3570230147804089,0.0794279724274559,0.3331214485677733,0.23556117424640977,0.15726550755755228,0.3799087102553999,0.28066667680869734,0.36057468290294836,0.13062289011938,0.23995150632619877
43,0.3032147678760332,0.22761790673553106,0.17719767662741037,0.2719427260971506,0.644827064640366,0.39107588127653364,0.21236722195159086,0.2208903503820534,0.36656410919128884,0.07554129224407662,0.3229448519308812,0.21104526392300388,0.14888514855631002,0.3827211253714972,0.2773222639589881,0.36352562231978636,0.12491147669205756,0.2378372154826381
47,0.3052511465408704,0.2236690325764906,0.16856467251401697,0.2756108597132678,0.6487433460902424,0.39110868283500644,0.2140199322541668,0.22603704337800073,0.36389735763390435,0.08184116046891747,0.3263845491398184,0.22203608960811097,0.14978365831831056,0.3820395790594092,0.2791141558878813,0.36845062755238484,0.12427120011157396,0.23544231694477247
69,0.2999296597478898,0.22502728418781026,0.19791350443107117,0.28688067325922195,0.6434706548980657,0.38846146003928117,0.1997262642956596,0.19984521120873858,0.35576867359815767,0.08132070129145591,0.33537478720540786,0.1970105312129759,0.15848923047649646,0.38630075038645617,0.2724249603909834,0.3675401777330064,0.1412809652560217,0.2350495307585034
72,0.3038381647675438,0.22416166236952767,0.17078520915142376,0.26941763507058863,0.6390441320840217,0.3879258836662704,0.214417167673628,0.22708439636012046,0.36964651226988604,0.07946891056150464,0.3224880617565828,0.2232588103736037,0.15325539412739903,0.39175621237878766,0.2849522038012099,0.3707784894749857,0.12693356324870184,0.23570986101478916
73,0.3064006835633202,0.23116107340692066,0.1888184944763519,0.27281928620248463,0.6360561669005232,0.3888245103526832,0.21143658126230044,0.21375728199297936,0.3695076887520038,0.07647628764025279,0.3256828124681854,0.2026835581349533,0.15283511788403847,0.39471544593952557,0.2920026526026357,0.3709472752570374,0.13124268730396382,0.23610448179858826
74,0.30337958720649405,0.22608773919388,0.1987641223502139,0.282139750275212,0.641878640461309,0.38491837374622134,0.20092000247563896,0.20091339882951764,0.3620554801101472,0.08256889807123739,0.3333745933404603,0.19802756341163225,0.1593810178298626,0.3907611759405792,0.27762582885051795,0.37366483464984257,0.14273482293244374,0.23484138836268598
78,0.3023465017776982,0.2027487604419924,0.16110373450343102,0.27162697929342305,0.6414388844462875,0.3847508040190077,0.20070288788197502,0.21919034900304807,0.3613312074190366,0.07530004322518007,0.3367446778738184,0.24173445075169092,0.16463206462198135,0.38069340596130663,0.28066794847602666,0.3699567224009943,0.13718787023724863,0.23807395547100224
79,0.307107606357477,0.22593642058314595,0.17226072567539144,0.267926180296215,0.6464768467783109,0.3913265478956346,0.2131464644163222,0.21907208908191328,0.3611290176014119,0.07552108999941738,0.32363883138005206,0.20838962645406608,0.14228406576265315,0.37542122909353726,0.2738688661905552,0.3630572251130891,0.11891781549603102,0.23332053506195888
82,0.3019855104362769,0.21506641301541587,0.16409156445524864,0.26772158216739783,0.6353614092612091,0.38345119439328856,0.21061963383273763,0.22873836285278468,0.36797949548602077,0.0795417226652773,0.3227692559593155,0.2362374606493419,0.16022715099169738,0.39609117676291794,0.28308286180336834,0.3763046076749483,0.13193661147133304,0.23325662470177733
92,0.30272738382475206,0.22478095182855687,0.19102099977954856,0.2784228308472889,0.6419419188892996,0.38697760826680083,0.20273818323407877,0.20201395501483355,0.35922386148221835,0.07928663223900138,0.32783519618555595,0.19638534509641128,0.15259584365747875,0.384191033420355,0.27206997641847874,0.36721315783587105,0.13422563832010392,0.23324699156659665
93,0.30604019908835245,0.22333250604975174,0.1659841532300101,0.2652692085297347,0.633437163485805,0.38484212762883846,0.21524473837719826,0.22895410258792842,0.36991436478833584,0.07852010679390688,0.31657432350958487,0.22460431692209046,0.14990802199158498,0.38859735042064086,0.2715284805790945,0.3688234628560175,0.12332952208382458,0.2326706870276543
98,0.30558332596744797,0.23123711436011266,0.17884534250067582,0.26848950053506315,0.6359626577323383,0.3892461113123737,0.21601854352911315,0.2236208582505245,0.36810468876885216,0.07703314415750538,0.3208167579328924,0.21154381675578668,0.14942006975349123,0.3908963255322011,0.28207621841991465,0.3715100172095434,0.12552110638005806,0.235904409218274
101,0.30047716657110374,0.20770513017580275,0.16155109687629274,0.2671937525233423,0.6359496075168571,0.3811910146444804,0.20530508703930234,0.22466906451505278,0.36615741188467305,0.07728110486090892,0.330661143746644,0.24062163762695127,0.16399846560147638,0.3938943192433757,0.2811236342736266,0.3737254695592243,0.13532343848265876,0.23354608028771517
107,0.2995826228582033,0.20870100857903584,0.16182670377055833,0.26964488684718624,0.6327271630442747,0.3787567454440907,0.2066084322869805,0.22677308475210528,0.3659082684543833,0.07577642318974699,0.32789536250573353,0.24179494944979682,0.16461215415502004,0.39775962270440307,0.28510519227851355,0.3753949962433542,0.13589030118667478,0.23239170494375092
108,0.3016914167484429,0.20327111200160378,0.15957902448204345,0.26975712748411707,0.6368944370999584,0.38394380912827847,0.20248399350676036,0.22071727115499962,0.36340812234818665,0.08104880642474441,0.3295859745805377,0.2401411186432757,0.1628748631465107,0.38794676780687387,0.2810408514709007,0.3730048702286547,0.13489027774263418,0.23300200403518628
109,0.3052476537987126,0.22684692342306179,0.19139919955351872,0.27171668716910496,0.6292057982338324,0.38115944894188264,0.20528779736182087,0.20577341775759164,0.3581395022618625,0.07588388612254615,0.32103228425990427,0.19740239006774477,0.15262440924909762,0.38787297397720927,0.282280441056794,0.3747920504597426,0.13359329368301898,0.23345598024176611
115,0.3044486762122301,0.23006646327495714,0.18957157483486856,0.2701821717505343,0.6318341187854682,0.38545145800904773,0.21038624480364185,0.21317658574073567,0.36077383386005085,0.0764970372302744,0.3219012041395577,0.20067371100141845,0.1524942693577187,0.3937501940948209,0.28702594324215447,0.3724993522251849,0.13102604078723407,0.23531834852416558
124,0.30340786224096417,0.22557902390018247,0.19700395437423351,0.2796615039058004,0.6385211503877759,0.38332795173530415,0.20150590555397876,0.20176164712972441,0.35957266859910575,0.08154354878780144,0.3304241981709783,0.19708690057248707,0.1580273755533303,0.3923560002228188,0.27888999309337675,0.37384340289775814,0.14050496953118025,0.2335273122150322
126,0.3023572195382972,0.2255407832175341,0.1700741565104655,0.27454510178626296,0.6418911902511344,0.3898209817820083,0.21408583510918786,0.2235966678602054,0.3619156961365408,0.0813913544457233,0.322796594032844,0.2155286890821731,0.14609623999576588,0.3747448572570937,0.2734630318558351,0.36053509957444374,0.1214134409794233,0.23666654864588815
128,0.3027683983765204,0.20576221524847496,0.1611671833257492,0.2728804353231494,0.6418493898073461,0.38585579562576483,0.2035259410792994,0.22194301951276107,0.36196015867141423,0.07939407522557507,0.3342597272943406,0.24057559260941552,0.16281235472023467,0.3812450943087027,0.2782690072838298,0.37007351833317986,0.1354398589836133,0.23596347770540968
129,0.30362708406005373,0.22472487883945855,0.17120191488096487,0.26842894797710515,0.6413724922228574,0.3896870835970012,0.21458450204217755,0.22704593380567697,0.36997160894943915,0.08098012633130171,0.32124858078381846,0.22192017758090613,0.15235383848161171,0.39286151191175356,0.28139431195981984,0.3701109506316941,0.12647422060238728,0.23597088088073975
144,0.29637726023067484,0.21308944941548447,0.16074636022492902,0.2779194672147028,0.6487838565332158,0.39103705197800814,0.20843975179939853,0.2278894405840259,0.3530659185865632,0.08619326453519204,0.32677396176825496,0.2356390005909113,0.15575251950789948,0.3864875683609664,0.26062744039869035,0.36862973876411126,0.12913220220862323,0.23556648438769218
145,0.3017641626066783,0.2264792420197634,0.19851806935707914,0.27925013975513624,0.6398873305906327,0.38459911886729203,0.20161087597278327,0.2017613680498694,0.3604280627470687,0.08236765435188674,0.3320017490224296,0.1970564103800808,0.15829127327048026,0.3896923015531695,0.28061965470600586,0.372822624946826,0.14164192454783597,0.23508793323625785
154,0.3014934731015429,0.2028052018886819,0.16180426722511898,0.27233829659362124,0.6382483633750441,0.38350036727561143,0.20156461943006945,0.22066345748510016,0.36413301014978683,0.07886369777514192,0.33570518063647475,0.2432573940387097,0.16752798823823944,0.38316455081295786,0.2948497912618668,0.3715238268497145,0.13910306741949294,0.23848741988558736
163,0.298578820905088,0.19831635280102067,0.15796404716148188,0.2613807371961116,0.6234358670620108,0.37149163173593147,0.19955185146085322,0.22056861776539657,0.3671562435135075,0.07357585123055572,0.33484690899847747,0.24693363009786795,0.16929658269535167,0.38383908555189783,0.29450916107388986,0.3684561199700319,0.13997944504326654,0.23406499912548095
164,0.3013642127026156,0.22756794259382004,0.19964380699072387,0.28045527124308506,0.6430374943700412,0.38478801886598185,0.20084030734579503,0.20150027235235077,0.3622355113464653,0.08283283034510065,0.3319181398959687,0.19669915184094058,0.15857957858102537,0.3899892377043192,0.2793324332268522,0.37110520047967344,0.1428318995327885,0.2385222489111597
168,0.30212288407572335,0.22660352158643157,0.2012291319042906,0.28275883919261097,0.6387050884186499,0.38431736249437554,0.20142316006490835,0.2007611326173704,0.3632501351112829,0.0844659329134199,0.3323934724170194,0.1977851055950973,0.1614332620664984,0.3936957676181312,0.28295939442872503,0.3762145325577197,0.1449288640957074,0.23391076056950338
174,0.30358173437662567,0.22980558419273042,0.1896601625935431,0.274650167005776,0.6387746679965406,0.3875336576534506,0.2093197243585863,0.21228430552194247,0.3630197500892731,0.07772083312711492,0.3265877346172301,0.20198684250696294,0.15325002655649775,0.3874796287789686,0.28710857605998447,0.37080516023033766,0.1325500174982909,0.23771977828690166
177,0.3053962034110604,0.22111683495161522,0.1668551414862119,0.27488002988668353,0.6505123144812086,0.39074399253368375,0.211871413006768,0.22348212411321944,0.3583146108612689,0.07721056218659947,0.3258920606366969,0.21966636628788694,0.14688003000415406,0.37575552474316043,0.26981521445588663,0.3641187719936505,0.12247884399761111,0.2316730729639392
208,0.30139049668640544,0.21541510552954152,0.16394392619276532,0.2754590581904713,0.644390968512824,0.38880040997536514,0.21037801682906762,0.22780039965974194,0.36516178452355,0.08213390928040928,0.32760044557686613,0.2348571478228416,0.15820730693857935,0.38928981324057965,0.28186461488861775,0.3719484826335039,0.13087128974332865,0.23597720843712025
215,0.30187348061599684,0.2286243524414179,0.19706577771773987,0.2764352061479012,0.6349194750436641,0.3851187496068598,0.2044310507642542,0.2040659517694093,0.3647773885902495,0.08325157787621497,0.3280085409550981,0.197317825757401,0.15688409102720682,0.3879889293212371,0.2807559939943129,0.3727853551412317,0.1391054891094909,0.23658552842288236
216,0.30263869543714034,0.23028824364300002,0.19005309915492455,0.2663466170082056,0.6320647319726299,0.3834127553039294,0.20867303351151648,0.21077258977918711,0.36325507741258795,0.07262897522342059,0.32391755111028697,0.19814731045331055,0.15116019088985708,0.3925576305757194,0.2841378402019957,0.3691916191794555,0.13086021903755835,0.23668271150208678
217,0.3008648576411374,0.22642321647916977,0.19461184428267678,0.2776443149794458,0.6408667574669629,0.38739275120805317,0.2031974010092957,0.20316846561838403,0.3585987386944256,0.08274209472059789,0.33058577689121715,0.19630852700957807,0.15477623923832412,0.381671043772153,0.2739610631207247,0.36814024765488684,0.13705167265683202,0.2364242606564176
220,0.30405469061233026,0.21534443769045297,0.16202567624514952,0.27111033301235465,0.6405916828315248,0.3911130359503562,0.21124984978664424,0.22795621766047147,0.36473395517647034,0.08222012285842599,0.3254186291388992,0.23281036371959654,0.15466236061478134,0.3838703477830744,0.27772394024840363,0.3672861925243106,0.1275217485436206,0.23346680226577896
221,0.30547612918878564,0.2209288696907927,0.16560178223843347,0.26675937059351523,0.6349791025417779,0.38648598184041455,0.21387706966270414,0.22935115900931916,0.3700067600436806,0.0761180031567474,0.32059800903985036,0.2290774848386347,0.1536714480653927,0.39359138725235965,0.2804671176537353,0.37414021067047687,0.12652624745741872,0.2316277408906941
224,0.3067513916531037,0.22096094530710875,0.16649194225377112,0.26661211802916934,0.6427494964883562,0.3876994314992871,0.21220419252342168,0.22205698164133822,0.3628694906496714,0.08050550057056911,0.3254164638688854,0.22083650404675906,0.14716702684249547,0.36840469359121836,0.26820392470582144,0.3618279277265687,0.12391427225765511,0.2329487534512234
231,0.3014527531208142,0.2297473716597256,0.19119136029365275,0.27223376055369664,0.6288663037974895,0.38451662183147856,0.20757165430785235,0.2105786739391622,0.36104569531322483,0.07594187392842394,0.32078578228203475,0.19857456756750866,0.1524721031213631,0.387736172796566,0.2812114992994421,0.36927021762813694,0.13229687393894593,0.23790404646156812
232,0.3065801454133355,0.22693368508531986,0.18458127567619118,0.2669548203889359,0.6355907680762564,0.38581652534750915,0.2095916625670711,0.21272727481606088,0.36141500864694415,0.07511432905535158,0.3220884731513976,0.2015913588956494,0.1497241715976468,0.3885346125860947,0.2796699823177466,0.3695690831784193,0.12802806615123813,0.23375482822087476
247,0.30023473746141444,0.21065736815341782,0.15993234226898398,0.2646256923102952,0.633709123454061,0.3816167775977118,0.2073597491319178,0.2264079345638044,0.3653876285365365,0.0796612661430064,0.32570514912285653,0.23858600114966516,0.1596737552197669,0.3914654017363346,0.27804629798853286,0.37498669433712517,0.1319220513735923,0.23239439378969562
250,0.30449248545343266,0.23107250770968696,0.18284173191370112,0.2727568821355168,0.6385208649285893,0.38817113246627055,0.21281217030113783,0.21820207840693684,0.3635723864412633,0.07327130020444436,0.3231039130449128,0.20470769219428364,0.1486461471665252,0.3873424234412458,0.2913486516063695,0.3672732858447937,0.12591184706364164,0.2367081058133005
254,0.3021265152475364,0.20739275854712982,0.16106898825980892,0.267854265744843,0.6375814552572445,0.37994759752896323,0.20523713274284922,0.22410022391744816,0.36607783129113686,0.08103160298170309,0.3304735847051171,0.2406494034662315,0.1632228586950171,0.3868104912628818,0.28498374748668004,0.3714609950245223,0.13506875545534064,0.23386495759674825
255,0.3073948408272854,0.22278832239530577,0.17050796765745294,0.27415262874755714,0.6518474985500335,0.3904296470489747,0.2118003364149436,0.22306297396529115,0.3631617243609729,0.07761308287272017,0.32868872250505465,0.22061249324542193,0.15059014657421968,0.38069783940147434,0.2738594150170626,0.368873746030383,0.1256950692796275,0.23504112203443
257,0.30557837591376447,0.2265808834988044,0.17784658804908843,0.27304032814720114,0.6447942473442292,0.38761011814216006,0.21135978045471995,0.21664407356499638,0.36426325245013713,0.07772328100556668,0.3226701284774575,0.20719893359395583,0.14729069960597282,0.38269673378828273,0.27074763188675954,0.3687474832482201,0.12473862556074741,0.2336353771708643
262,0.3054407700929121,0.22532114576671836,0.18601970142221794,0.27190846122580964,0.6382748201407248,0.3852728543604576,0.20560086474441444,0.2067676946941595,0.35828953990230983,0.07376404077937711,0.32541376439937075,0.19741881154690108,0.14755425924162055,0.3832970195879303,0.2657645819542315,0.37151853713814514,0.12911997390018215,0.2340108213741328
266,0.3012460931156418,0.23084267604680558,0.1906573018958288,0.26933714685424887,0.6384747388849121,0.38834416563608837,0.2089431577314714,0.21235221805090018,0.3665907609687545,0.07969251248342353,0.32653084223234197,0.2012648280012003,0.15328508973423283,0.3882634940099328,0.2944087616547116,0.3679647690598869,0.132498757683329,0.23997461546584045
269,0.3041797109011864,0.22541568666347145,0.2019239076253838,0.27806967004264327,0.6359743703522016,0.38012090683874283,0.20085517799781485,0.20048335842999812,0.3645600346828628,0.0838265977830695,0.3337426380267553,0.19858461524201226,0.16247629642485695,0.3933732604724431,0.28801065654094543,0.378611721126371,0.1459717474681905,0.23383841057913532
274,0.30237839549622136,0.21718836625941856,0.1643152434890674,0.2735686873524513,0.6424371162009466,0.3887844432990068,0.21147053796428728,0.22776101554492917,0.36545504929315425,0.08287086019909935,0.3261275569086916,0.23213130378378444,0.1559605314945605,0.3871126711713055,0.28155452371999684,0.3699445300338266,0.129025038181863,0.23554585868100422
280,0.3049367224370497,0.22346725848673746,0.16630696492164854,0.27635001990291436,0.652077610960343,0.39389257268337374,0.21360928578344263,0.22285554247506872,0.36459906069697434,0.08360459088896154,0.32717839554113076,0.21756813872188877,0.14427500801686982,0.3720000017534858,0.2674179085970776,0.36321055366836297,0.12002324702393989,0.2325202742231234
285,0.3053632533930638,0.21800764609155796,0.1652985842790204,0.2760239462855141,0.6441492329407932,0.3902217852998034,0.21036990046033582,0.22468306727906553,0.36248400249884605,0.07973477951224202,0.3269752574478826,0.22746822819580564,0.1522045878785488,0.38487751744930476,0.2697980094093438,0.37017957294881665,0.12622070709114264,0.23216816134027007
290,0.30234546329208845,0.20803812407911837,0.16292886646581814,0.26886777521428457,0.6342375006067698,0.381313558603169,0.20534910221535255,0.2242171478525789,0.3663069571760577,0.07716985710944334,0.3305509373579208,0.24004702057033625,0.16429094544431772,0.3882442388898647,0.28970008006998366,0.37195037881393866,0.1359495363310317,0.23612498417385241
292,0.30895302948290576,0.22872813141260287,0.1752683338789864,0.26900039034106027,0.6418720553537195,0.3912039152807906,0.2149093658204302,0.22194159415821246,0.3654318873557438,0.07765088884458243,0.32459642166879094,0.21190819456338086,0.14692065788718767,0.3812595229682012,0.2793144111124462,0.3697782306059854,0.12324630010516723,0.2325791344422878
293,0.3057124559263352,0.22888374273971623,0.17809338330184663,0.26945016807149014,0.636767019632426,0.3870701801620417,0.2139903899997654,0.21948198169688465,0.36429077253780645,0.07019893801716122,0.32031604808691555,0.2077119249128661,0.1469997546204081,0.38761230893864634,0.274833104078042,0.3659596135734669,0.12378767746276806,0.23160500865361672
295,0.2962563746951821,0.20743915572532087,0.16189885624569456,0.2931494308487086,0.662507336062065,0.3940335549299486,0.20391079956276656,0.2234700826827631,0.3486605436332926,0.07977735100092621,0.33690456332744534,0.23919694081860401,0.1614771537008331,0.3780031492273611,0.26953364118683165,0.36820844629695887,0.13372778004123467,0.2365127826400238
300,0.3007138362314577,0.2284889175952253,0.19852360409940642,0.280435858073761,0.6422396275298019,0.38487735859271427,0.20266191953567678,0.20337975064891067,0.3603393592375293,0.07993420742311562,0.3326587172219878,0.1967419125841225,0.15710451776423096,0.3879473249618063,0.28439927907699347,0.36800927206501516,0.1405018308378735,0.238997914501957
305,0.2993193072453434,0.20052560254679325,0.15720009064402296,0.27150867612159735,0.6497324541121372,0.389043452021276,0.2014633173506291,0.21997059547205816,0.35499273314102064,0.078632402110048,0.3355427244770882,0.24174215855713443,0.16189287640712663,0.37050441539550133,0.2797069450390974,0.36910953412745623,0.13479068373465278,0.23577510736561916
307,0.298711019691844,0.21257686074196647,0.1636175425370137,0.2792584538083385,0.6482473626343085,0.389425309586387,0.20850113384002703,0.22697176972460448,0.3629719000882993,0.08597450652152511,0.3320333766938336,0.23745181484526448,0.16087251168554237,0.38384342670760047,0.2875562729643165,0.36863256278771794,0.13315538323168188,0.23965283248173594
316,0.30741438971171153,0.20815938921294427,0.16377109377591131,0.26487662785069005,0.6355661568973432,0.38041053729229146,0.2040505141252543,0.21875543202412465,0.36533909710595097,0.07164302841222589,0.3327547345012927,0.23378375399723572,0.1594036868538259,0.37567819615716225,0.29271730642454447,0.3629526662314996,0.13216948912784382,0.23918270992198035
323,0.30424269543596955,0.2278387796028702,0.17876874065504897,0.2736956820281841,0.6483478668077411,0.39025067466354935,0.21222663043104678,0.21790606690391132,0.3619777167356346,0.0793249694856826,0.32671790378872817,0.20894784756278015,0.14812451734370732,0.374915983247909,0.28842607327858577,0.3628795673617408,0.12566169423044424,0.23971702020878277
342,0.29925943666051236,0.23125885456628759,0.19214412605325742,0.27151869664230727,0.6354977032433871,0.38663769176115714,0.20919640272044773,0.2136663534156088,0.363196709440589,0.08100354469021961,0.32280915474547417,0.202782357173444,0.15460307855680136,0.3924279919861328,0.2912549113284766,0.37028782743284133,0.13538995473735385,0.2415692956217025
353,0.3084167945653849,0.21885778620381297,0.1621092428438866,0.26366554065866943,0.637393571365299,0.3909329492010674,0.21404374815551563,0.22804269527801158,0.37219431732503544,0.08240263708467617,0.3216835954520024,0.22824341014065275,0.15003599628211184,0.38404932541583614,0.2780991193000083,0.36899975081820713,0.12332202224319623,0.23032585338276304
359,0.30116517899168177,0.22561889118072462,0.19363544085704948,0.28167640949064576,0.6501000467991813,0.3900123334835149,0.20291405433180268,0.20382258619826313,0.3614769538372092,0.0762577518585775,0.33238963004489025,0.19874827145641602,0.15483936074920687,0.3809852965130316,0.28290524800264544,0.36385801807687473,0.13753079986146607,0.23570349563048862
361,0.30012562764539824,0.20856645826077974,0.161258230688034,0.26541105831844797,0.629431052611708,0.3765187778447653,0.2066172159493696,0.22637601569964602,0.3640662336688329,0.07077946241401273,0.32757454580993783,0.240092413409826,0.16262030760287005,0.39250305334675734,0.28628427542608054,0.37171449974347465,0.13409391708358143,0.23120474558597842
363,0.30422326089868457,0.22678797155281083,0.18958663389229422,0.273771870095016,0.6392554921927758,0.38506023692774816,0.2054266099820494,0.20710878470695565,0.3631686103956102,0.07557160541961684,0.3278324744861761,0.198447928741146,0.1517524182430455,0.3836681455894943,0.28587074298967674,0.3706075809547334,0.13149225110820945,0.2322894700462583
375,0.30678939316915604,0.20994857682794746,0.16275980188840386,0.2663308661833001,0.6408427348159099,0.38536757649930614,0.20644677492900124,0.21995317106260037,0.36186195388221204,0.0779149920250014,0.32964212394986897,0.23123191479347294,0.15511580813775383,0.3773186731870167,0.27802103122056765,0.3634743374797554,0.12968470030253418,0.2352734996008235
380,0.30990200098996784,0.2217266166575831,0.16462846494966912,0.26758967259187866,0.6432671385712305,0.39024386622837204,0.21405139577247118,0.22508443321240923,0.36638461336463257,0.07522131461242448,0.3214656591809515,0.22014755027370606,0.14453927802282573,0.3778190644306215,0.2713289560608891,0.36874781257871087,0.11944984864913341,0.22793065727306858
381,0.3037250689271852,0.2305073225044025,0.17925474788902201,0.27164408538046436,0.6420312635381122,0.38998099664734126,0.21457255911292314,0.22222450405493394,0.3682520414176932,0.0810127406189893,0.32322626857223263,0.21083639362446333,0.14983027667166116,0.38812556043141655,0.28763281617689346,0.3690653364713621,0.1262157167992098,0.23958348061347537
387,0.2996935880709071,0.20424520591598397,0.1604782022365376,0.26047308569399935,0.6353616387349441,0.3770817400343157,0.20181483696085395,0.22163661603225018,0.36289645612783444,0.0731390183908948,0.33093856235916613,0.2404413152319608,0.16338466970188859,0.3930926977488154,0.2852278027788049,0.36961028168301446,0.13505369871541445,0.23517265577348534
393,0.3009667769447898,0.22855242102723408,0.19644004343791055,0.2714917163759969,0.635838393242133,0.3873802862062347,0.20528435479076826,0.20621724812016404,0.3656472991182559,0.07558999997553499,0.32944543984248226,0.19809943952333206,0.15643298686959842,0.38726623088720247,0.29953960873359736,0.3694891602105376,0.1382901162420319,0.2360078308627254
399,0.3070638495341432,0.22398265105257326,0.17145090946858707,0.2697745983513648,0.6489861936314376,0.38962140066403145,0.21093114105776828,0.21877541211338977,0.35915320563674136,0.07425884022471697,0.3256502026465301,0.2122571887197534,0.14479783830112342,0.37029297113345205,0.27071454275058154,0.36454614383825285,0.12170140928560791,0.2344298827078381
405,0.3081821150387408,0.2284266051281324,0.17485401274173462,0.2693355057750954,0.6418420062250779,0.3877990325883353,0.2141884333788683,0.22210613073372937,0.3682330128725283,0.07997765932166091,0.32344040478120517,0.213431306918145,0.14803899641238275,0.38276010425338014,0.27950112485375156,0.3704788157271329,0.12369536170557038,0.23577231163914542
424,0.3041418932643167,0.22659009039365383,0.19519707691248703,0.2771465575144699,0.6414354772011238,0.383824051337944,0.20280390643874785,0.2024770999113483,0.3610491997979602,0.07951627752133417,0.32988306770952774,0.1966336769250707,0.15545505058372905,0.3884827929209505,0.2795797753662652,0.37319664826111365,0.13782200313269383,0.23529739252254286
442,0.3061291865347635,0.22927042417664792,0.17526685110041418,0.27122917297520055,0.6376567074598648,0.38738121484725935,0.2165955614154261,0.22544146086251962,0.3664431966300318,0.07893207230897364,0.32093720835777473,0.21431489837608297,0.14936004865465086,0.3951855452758067,0.2819109641534342,0.36958521218011026,0.1239356589360856,0.23452581469058192
443,0.30815953549361313,0.21752894783679444,0.16517174766248963,0.2714825189711838,0.6416081369850428,0.38887402879603045,0.21160831149949627,0.22570106192093956,0.36672836370964756,0.0804961400054529,0.3285664346431702,0.22973528776846494,0.15413707188021153,0.3812782804038539,0.282602253706504,0.3676001463665568,0.12778906439729057,0.23563031870405762
448,0.30553176057780124,0.22767466014147852,0.17230116709205295,0.2733568161373204,0.644075325504142,0.3905965720087195,0.21531642551228117,0.22489856949405007,0.3648470488316924,0.07896189464105943,0.3199390991812406,0.21343496627025,0.14656555039984354,0.386595251377225,0.2773997524500423,0.36466277460277935,0.12120556878949965,0.233368059584851
452,0.3007883766846593,0.22419034622599068,0.17287573529721972,0.2752210320376858,0.6470195927880323,0.39188109301898366,0.2121952368657873,0.22325692549097853,0.36607535247197287,0.08305261731951204,0.3265999828250803,0.21889592346559425,0.15225027660657728,0.3813243379271039,0.2937799621135662,0.3631975684324061,0.12708335895083545,0.2417575927705613
467,0.29495225562784805,0.22518857943432485,0.19118231482130718,0.29442099064477767,0.6569560190741373,0.3873334696293317,0.20187792667948476,0.20523486830124235,0.34731447095234397,0.07963321766023594,0.3339124322107004,0.1995310033974656,0.15418724520393975,0.3769131299138939,0.26550744236674945,0.3583769817715031,0.1356584729332795,0.23756933869786906
478,0.3022013740126195,0.20963804204132885,0.1618917068367537,0.265878327180775,0.639328057798844,0.3808414445953495,0.20543424522125114,0.22368905457669322,0.3600658601872489,0.07403192637150834,0.33047008577177833,0.2359739961135092,0.15929149244646412,0.3843203682302583,0.26572672193970337,0.36495568731684486,0.13148104972718216,0.23372820988681517
480,0.30327253176781344,0.20929532825768032,0.1609700825292976,0.2753776894244981,0.6374564776193679,0.3823281953611703,0.20721641287841178,0.22641239616655154,0.3610846018361022,0.07384920855857752,0.3265364895836244,0.23934560178962738,0.16066494383576724,0.39136126283372663,0.2664796397249113,0.3751906369084726,0.13293669212328987,0.23033806615072774
481,0.304218075886857,0.223373104820461,0.19017195764432665,0.2723621334594087,0.6417620072867927,0.38388563277243104,0.20167467370811465,0.20275696278237085,0.357907354442453,0.07748404683356958,0.3293808511967247,0.19578113185207166,0.15168550302002484,0.3852767734127554,0.27644714659546915,0.36697734322323944,0.13351283087412366,0.23439757502110936
484,0.2987077809982531,0.20140152091763716,0.16010016392600698,0.26985027581635596,0.63522485298329,0.3812507757871839,0.20099618058046376,0.22023462917727135,0.36397041021371307,0.0765591527333211,0.3376604973209848,0.24328388135062687,0.16672290318469074,0.38334004145110456,0.2856899547187455,0.36814609894792727,0.13818287998967585,0.23651364372512854
493,0.2991453716290434,0.22761340965227142,0.17426182202162271,0.2940373149476771,0.6652792552081583,0.39485634264451,0.2142761706484429,0.22486224900843027,0.35729832785760396,0.082861286362722,0.32896708641610484,0.21518302444798704,0.14901174585190524,0.38271051750513085,0.2751133620437809,0.35741201364500985,0.12498510756479363,0.2410726562235566
495,0.30397319245135035,0.21479064539087533,0.16809350915021984,0.2758635471789524,0.6436467184952362,0.3868535720793539,0.20771990148987185,0.22369942697904954,0.3652962665806134,0.07680889884949985,0.33125706191353244,0.23251269140255817,0.16052574874450795,0.386188588307867,0.28509140890186624,0.37002658783775205,0.13342324163977504,0.23779023287848816
497,0.29960438265382594,0.2090322557711479,0.16231992777805634,0.2635346400497222,0.6356608453638912,0.38099339374636015,0.20556042769624433,0.22463273704562794,0.37146880467940785,0.07853678607214025,0.3311041384101678,0.23930886330352263,0.16341535512523872,0.39425092278860885,0.2845090901669754,0.3721206694302256,0.1347675244911688,0.23531441817314477
510,0.30409179054386093,0.2181058254784618,0.16521698023260958,0.2695116726822363,0.6432892308816405,0.38671257036006246,0.2105376690939871,0.22344150886143388,0.3644525750256328,0.07695483643372943,0.3255499595687576,0.22455052519672786,0.15051694041337657,0.3818956351954659,0.2749203086051561,0.36406498473557236,0.12528140435152865,0.23463442611077537
522,0.30533600237424297,0.22548094687509124,0.19148297013210167,0.27910633024089165,0.6429406244139768,0.3868000879544143,0.20477665525620012,0.20437887650389094,0.3555323847405606,0.07948209186366244,0.3276569735825434,0.19775450987724422,0.15304883932198937,0.3788019622455441,0.28543889242709947,0.37206951081314943,0.13415585379106962,0.23439294572272548
524,0.29633048725442773,0.20567841004027448,0.1596728222971648,0.290479398237713,0.6540224828517994,0.3919925543859892,0.20307181854587378,0.22151018295279415,0.3515533094705344,0.07774873512015244,0.3383736074802208,0.2387607139906683,0.15990578963737737,0.37727697065602106,0.26657425347642494,0.36430195460242104,0.13256656281339876,0.23988788802465996
525,0.2956008087140614,0.22798839514460592,0.183281305711948,0.27588392236011705,0.6498718177835594,0.3939825344551343,0.20888054906253634,0.2146427624203922,0.3577535248084073,0.07757595730594202,0.3273987176310411,0.20303857898937064,0.14791913142434582,0.3781880289955116,0.286065667733189,0.35881881333220395,0.12695043894944527,0.24255062127099186
537,0.30240506300655917,0.2126125098206966,0.1604022142263061,0.27247911769379,0.6416009852923683,0.38586159754926513,0.2092625722283007,0.22689790424128292,0.3624549131644281,0.081749855082949,0.3271107336923187,0.23642850830654388,0.1564155494961917,0.3848696076293425,0.26584964415158946,0.37111302257219586,0.12990280199968032,0.23170595298146288
542,0.3052083446258326,0.22561173649260488,0.17152175854871707,0.27546838319874667,0.6485124486278877,0.39064500458712653,0.21263038757700178,0.22150533069157632,0.3604544383600413,0.07541365402501407,0.3226831054805664,0.2125172901336695,0.14532227604800535,0.3783067247759902,0.2720566371276001,0.36499654988625074,0.12147182527179966,0.2339570898430255
545,0.30607904335331343,0.21720088099661855,0.16516474582118718,0.2736545422715158,0.6451770322256897,0.38897750030149725,0.21036486597679083,0.22479846909710074,0.3623746760987055,0.07623159909872128,0.3281014375869006,0.2283169429769792,0.15275765558109122,0.3788926591801334,0.2676550240694241,0.3684656013153041,0.12698808198845377,0.23411091484767962
552,0.30162227462314256,0.2104119567479582,0.16229807884559103,0.2722763152132655,0.6504372649201539,0.38963368288245176,0.20578897556277634,0.22273005380087715,0.36328166351199354,0.07972257496379066,0.3327435328885563,0.23436408515939028,0.1578969112215613,0.37852435945642254,0.26775606705649835,0.36504561375688593,0.1307550209620341,0.23664376815573596
553,0.30860548458287174,0.22377052589521487,0.16912493338807658,0.26979622340904535,0.6372200511746529,0.3850977660443381,0.21441389501478678,0.22600702659865676,0.36539666706787177,0.07629803166050905,0.320007637925651,0.2202152617678961,0.15031428695787016,0.3946775404960313,0.27625355532110774,0.37066608473003626,0.1237309661379714,0.2311293104567237
569,0.3004293850379308,0.21846468244746714,0.16299283936914027,0.2746340355365117,0.6379638239115234,0.38763806495358594,0.21317875280779985,0.2298468347734539,0.37160062735705873,0.08817214873291712,0.324896367547892,0.23272050367810623,0.15540916012704037,0.38549770448788956,0.28505334851401315,0.3668953251933872,0.1275447545358855,0.2396714732009549
580,0.3001810673108017,0.21712630253502155,0.1611587284563888,0.2744129333693136,0.6458247552293387,0.38980004806102625,0.21431840929532053,0.23087659226902402,0.36632316851932617,0.0893928248478326,0.32513454612422316,0.23460183543194935,0.15439231702731823,0.3848386383904213,0.281308905208404,0.36698607092408386,0.12732710939248526,0.23260131171661033
582,0.30285159184220983,0.228260751718529,0.19665042995433218,0.26960603520445753,0.6329640619782352,0.3828957183658213,0.20448264456727766,0.20313607612683246,0.3644548852001794,0.08196667029382342,0.3273295919498098,0.1948124209051898,0.15555384954706258,0.395154402404297,0.28974976237896083,0.3721181206702801,0.1368227313963863,0.23649408819352877
584,0.305083007079956,0.22703651616105303,0.18281228129588953,0.27577986718489766,0.6431450580195532,0.3887981179045879,0.2089818833053436,0.2119203775126593,0.3604253577455196,0.07309908076793989,0.32516616510573937,0.2014258681989141,0.14613523274206694,0.38548008465907957,0.2703746794233847,0.36997945664992443,0.1269256469643901,0.23496686444402043
604,0.3039786248097781,0.2257167187251759,0.1969509214023081,0.2781527258950129,0.6392110643159268,0.3817879186530523,0.20185003550610237,0.2009202955520912,0.3627218644311461,0.07843622362497309,0.33129729663185703,0.19694415900323411,0.15729886610922794,0.3887092930770646,0.280969466838745,0.37420674039337637,0.14055215280634625,0.2330588841013357
606,0.304138241375115,0.22696416449674225,0.18506997877133666,0.27462191866173724,0.6405821728034389,0.3890535195459618,0.2077208410217784,0.2113064162719371,0.3602627936635271,0.07360328973753903,0.3245709828008956,0.20211528880057303,0.15030284191654808,0.38075409285268447,0.27833698639471416,0.3685898611290609,0.12937352676198502,0.23423107440591304
621,0.3047367923777793,0.22675203364772806,0.19612863248660792,0.27628758222373173,0.6337195029874239,0.3814687458655733,0.20336894445105955,0.20298325947263626,0.3604312723143122,0.07819809881574258,0.3278217546987254,0.19682228111273567,0.15632916676770472,0.39227052965405684,0.27994353246183157,0.3751264973748658,0.13847312311799012,0.23343932501694298
622,0.30100568753333734,0.22914321583743888,0.1725418121299744,0.2912609094780665,0.6630044346712937,0.3961951919126445,0.21552348143979808,0.22622624852854212,0.36095033455011066,0.08072536296562231,0.3274977793557187,0.21433791980503616,0.14598211947312195,0.3846488587063289,0.2791123274924348,0.35743170548001496,0.12143966275563778,0.23932897638404815
631,0.298518591934138,0.22879748156044835,0.19373405536225446,0.27798317330607797,0.6401891128448152,0.38691249989840587,0.20449007301315536,0.20799751604275438,0.35851517526621474,0.0797902221016361,0.32789050048510476,0.198571177377745,0.15413596134094976,0.3837605350732194,0.28452353507892786,0.3656495975998271,0.13581966443080162,0.24072724102756485
640,0.30051577337617735,0.2273118074621379,0.19392812400516285,0.2751859767148199,0.6340945084853846,0.38476078690192483,0.2046747886192177,0.2054696655352171,0.35895470273027974,0.07951625031230546,0.3262885779363301,0.1958525825031028,0.15366932881670223,0.38666477132278476,0.2974244082052945,0.37036178503598854,0.1347205615009113,0.23546505426527542
649,0.3066920307858044,0.2274193740884571,0.1718905706355395,0.26679890900068004,0.6387583283466757,0.3901348018897637,0.21564012802896176,0.2230144968257874,0.3658579965620415,0.07238081674907439,0.32167677390467025,0.21169980001484973,0.1440902897424979,0.3828308199612492,0.27911156345197674,0.36498132855310783,0.11943524125121195,0.23358745636299766
652,0.29989541216794713,0.2073548088108851,0.15816929597401236,0.27177229240770556,0.6387568235629779,0.3879736703068762,0.20639458369833943,0.22271464649570974,0.36221409291714013,0.08543429514757195,0.33335787934703986,0.2392270279188315,0.15843785964193627,0.37064248847530473,0.2798156644833545,0.3658942181134258,0.13183421384598418,0.23622642758881998
662,0.2995333005162595,0.22585248955159132,0.19694494184551153,0.27596350993384733,0.6376771541744557,0.37848464180928104,0.2022422242667118,0.20344836092978338,0.3561324149995845,0.07502604535094792,0.32970719236511103,0.19781186623423364,0.15833225511760585,0.3901442369133358,0.27833901278717266,0.36936483575298923,0.13984085897404472,0.23594468343682515
672,0.30849418220479513,0.22531725391543242,0.17293888054122594,0.2655868654865706,0.6373324707635096,0.3869770699738038,0.2123827997884295,0.21881792109910345,0.3603511307548162,0.07081663314440509,0.32006369089365005,0.208222173850379,0.14366811515275366,0.37661721300273915,0.2705440802500261,0.3653694084180867,0.11973951852746242,0.23118348067983205
675,0.30189945436444304,0.20694788068956568,0.16620942439078323,0.2682985142147511,0.6371779741413219,0.38051717563135024,0.2031577502764035,0.22021015968747076,0.3674227387542372,0.07701851909582356,0.33396010151143524,0.237724542947594,0.1664410823897088,0.38633758683471753,0.295749746456676,0.3701151052624557,0.13830368288093722,0.2391120504958379
676,0.29990128929037013,0.2030037406190264,0.15996284493868232,0.26842809469531886,0.6299175339855447,0.3808843689068757,0.20292540039586068,0.22328515257698886,0.36243926617341743,0.07724372081728802,0.3315685195343088,0.242399049475477,0.1666064119391661,0.386794652470476,0.2919330019505686,0.37326176479538187,0.136518183060141,0.23537560190530923
682,0.29940653586468835,0.22505647350331554,0.19638065455097406,0.27358074987915587,0.6383081021113967,0.38592769371920227,0.2008814244523025,0.2001828637862901,0.35841025045519037,0.08048666713188873,0.32811017355481115,0.1951594019532008,0.15605979575275117,0.38950067807996147,0.2707772251129742,0.36618157472354407,0.13961893003274617,0.23619865812620564
684,0.3002265591104699,0.22421517787861459,0.19233934777145018,0.2912849615578353,0.6499009043896868,0.3872520773035443,0.20202619917657455,0.20276748556452076,0.34980852367547294,0.08004911681444248,0.3344251820311472,0.1967971333640467,0.15333326415312468,0.38372061973693683,0.2726924646457808,0.3630428603657844,0.13619053416286617,0.23678276489278866
688,0.3016926561280861,0.22995505998102436,0.1838638392596367,0.27427652351690396,0.6403474492848238,0.3889124216265253,0.2109504095581987,0.2178992965173486,0.36560006057544064,0.07739031628304148,0.3247078177898257,0.20813050925573456,0.15231660882698683,0.38398142394101875,0.29136753879313765,0.3703252265516481,0.129729098196325,0.23905767249189727
690,0.3007774986769001,0.20646571002276448,0.1627177480255282,0.2705099433040595,0.6405209928730462,0.3864279130705396,0.2032107335324771,0.22046863652958318,0.3593260576266787,0.07644620452692383,0.3315563547608542,0.23507375490718538,0.16126124412335302,0.3805060855211819,0.2790290806353375,0.37257476453723926,0.13395655915977586,0.23472701204004418
699,0.29772931273685843,0.20344815229242183,0.15998693762098132,0.28162404708415945,0.6564431819818124,0.3934877328507555,0.20066181808943884,0.22135267773480868,0.35436349768866576,0.07876560500644299,0.3377115210075983,0.24263418389807354,0.16435624744237526,0.37276724173986886,0.27543572457917065,0.36868667440657316,0.13615908399377008,0.23964413376221488
700,0.29906281051362804,0.2061076679646862,0.16002415018890598,0.2581424736748948,0.6357792308050968,0.38022542750626925,0.20282654620209112,0.22294877701460825,0.3694485612999356,0.0794869839868974,0.32951532680732043,0.24108921502405878,0.16398853192341056,0.39196863658020675,0.2849877887146069,0.37444847478864973,0.1351608405356205,0.23549764560935063
702,0.30107935618661086,0.2077884152894691,0.16169932085752034,0.2758837950244339,0.638999167964754,0.3856259923876494,0.2059816136047919,0.2253599547451327,0.3644995481550488,0.0827981853130408,0.33176176340165114,0.24134809088017026,0.16404396239743474,0.3831428116038222,0.29907003721643116,0.3711692487323105,0.1356512413839238,0.23877677015623885
712,0.299199980132153,0.20242138011360367,0.16013776487762738,0.2690241834413179,0.6336118668608928,0.3832618748033937,0.2020579357089963,0.22331304144530026,0.36405502439171544,0.08362375710981741,0.3289836563853301,0.2454649064033459,0.1689225356207651,0.3912586387369852,0.2946619490687672,0.37995828692151556,0.13955025400699644,0.23698050809601842
720,0.2939633929672018,0.22132198808387815,0.1666877878972519,0.28199818836901464,0.6653458723784127,0.39919069025059356,0.2135265420199272,0.22989419737895764,0.35738154297828195,0.08439696454032829,0.33086128887453653,0.2265094570373378,0.1521120933091107,0.3824908055311952,0.25773082428678556,0.3636305703713807,0.12454650638721396,0.23817544235760935
721,0.3055407154723586,0.22715711623069124,0.16952072322770803,0.26951180981647777,0.635036117330781,0.38621462944490564,0.21698304622117828,0.23061628595467196,0.3703983459859905,0.0763101200648957,0.3172834216347605,0.22372540009206437,0.1512119373001265,0.3958001816853791,0.2778092646149839,0.3724634713861328,0.12464199559585609,0.23170019360398486
722,0.3022544665092121,0.23385589206117005,0.186484830164759,0.2675946553025962,0.628082575115028,0.38699780100681563,0.21444922845347578,0.21974419527153277,0.36794512658495376,0.07771467742261812,0.31753259820827107,0.20446431961975908,0.1508719775053166,0.392813302128749,0.28804085817074876,0.370718881220094,0.12851035776195782,0.2396831647228144
726,0.30431140203545337,0.22891790602320902,0.17213204128725296,0.2667566772780162,0.6394168354768716,0.3888836773734284,0.21585532955281575,0.22552561902672952,0.36939617381860246,0.07833804511945748,0.31929213039357424,0.21520571752989762,0.14672702882107025,0.3853571846127226,0.27626151828008216,0.3677927729237747,0.12167129843494685,0.23597982988147118
729,0.3050001391227212,0.20687513325667253,0.16063652583430124,0.2621194960942094,0.6322649075682534,0.37575343183542753,0.20621049428220958,0.22567851214418844,0.36936709464085726,0.06920349014643373,0.32855706935897483,0.24104565594167107,0.16443842907798273,0.3932801477795011,0.2961872785269319,0.37058378192923924,0.13469375464200345,0.2304212627300379
732,0.30136442674277486,0.22242857736069552,0.16851996665491192,0.27324183708722083,0.6437760882611985,0.38545109656314,0.21540679468757618,0.22971985598509603,0.3670150615112126,0.08330677850300416,0.3244069753365118,0.22750428174143092,0.155015979746687,0.3889915880968857,0.2764533522465443,0.36800134381330846,0.12781722799951115,0.23930694496701002
737,0.3044528620792587,0.23196071101647006,0.18691577566529205,0.26863728086584115,0.628586755608816,0.3850318153174825,0.2129134680179281,0.2165296441212788,0.36635897902955245,0.07493309863622706,0.31889452494748033,0.2021360982690652,0.15027713911639756,0.39369784786520867,0.285045769511696,0.37240910925394094,0.12861924269763297,0.23576419358522643
740,0.30683625736495734,0.22945074016470854,0.18076904714091233,0.27102486182414764,0.6405003614834166,0.38933591503434106,0.21325285675297082,0.21837151173909544,0.3672496015401783,0.07675087388976205,0.3234869160884989,0.20688470775326837,0.14860742655911247,0.3839962356211356,0.2838462807626863,0.36960636518646833,0.1253142098893099,0.23624097942112468
742,0.30325092772169443,0.2282246220296984,0.18586142966649372,0.27582542938503135,0.6453406620148229,0.3872195892807916,0.20795578804665127,0.21264591723747206,0.35954170998750906,0.07869020022571016,0.3273575491522524,0.20355241612851044,0.15056711153045252,0.37960428540324076,0.27966211372085786,0.3658307460027525,0.1309970098294092,0.23927468587269807
745,0.3022832321827622,0.21446984231769642,0.16356228353690508,0.27356721420659985,0.6443393948590145,0.3872091397410604,0.20963153952281458,0.2271196386666731,0.3642744899543855,0.08044368803582175,0.32722262434338756,0.23505343578500745,0.15829550243908758,0.3898681754592715,0.2794134602190147,0.37259082646635405,0.13097953194949005,0.23416975222439304
750,0.30081983491356606,0.2157992104331463,0.16418360941697063,0.26319283095039564,0.6322982405739758,0.38334935822500477,0.21121195989525013,0.22851661682202223,0.36681795792123373,0.0755952468685048,0.3192604350824768,0.2337492749622629,0.15806808419703355,0.3996199919798097,0.2915171876316116,0.37670228859792587,0.1302736038248428,0.22884061264222721
755,0.30647800278374215,0.23116082027517312,0.18273400792895617,0.2717333488312094,0.6373251440500386,0.3876678066258378,0.21379505770427118,0.2195514074266005,0.3673398523352715,0.07448514519572348,0.32350487865171723,0.2077918543224172,0.15093169958094177,0.3923563901307417,0.28749279696343505,0.37135573200914035,0.1277045362643062,0.2352669744108808
764,0.30351846057759463,0.22731487363674382,0.19643417802156418,0.2799124210296945,0.6390456956115604,0.386745673382908,0.20352699322481402,0.20435010284613564,0.361413529344318,0.07994035270068098,0.3314371262305451,0.1980250672563218,0.15732470145380045,0.3893461068820914,0.2845031640484534,0.3719735298771841,0.13946089011767962,0.2355193680039781
766,0.3074422661441764,0.20891447203824054,0.15862141360878182,0.27210542984921127,0.63503979042861,0.3899514104311149,0.20889737918534848,0.22712589252683432,0.364639489113353,0.07849213434233836,0.32853399112398335,0.23835160193334168,0.15745072547145855,0.3750507234670021,0.29034437200122143,0.36276392178503236,0.12951848067608007,0.23932990631120146
774,0.30013951054158505,0.20230419722488596,0.1588449219088744,0.26961438964370404,0.6338396584079481,0.3791620206627977,0.20092450560738198,0.22064350372191255,0.3638327340233982,0.07327530400570316,0.3322622719551875,0.24284137977163908,0.16470481775051157,0.3913375509582917,0.2788843213158365,0.3705467714295195,0.1367480137795729,0.23367170401666865
776,0.3053009581612382,0.2286274032426637,0.17802628764318673,0.27069748046416003,0.6438344696290174,0.38762171900659453,0.21298403985416392,0.21971679722529444,0.3624227620350393,0.07246467721931019,0.3248942420590504,0.20930334479843238,0.14854527751961574,0.38599974674106446,0.2796251420262696,0.3678861612869128,0.12496952264799996,0.23508613311531798
779,0.2971652493561969,0.2023804181309247,0.1574804698814114,0.2653645846839628,0.6441288150464386,0.3861727045465244,0.20089735885679488,0.2214459156087029,0.362868247335836,0.08271142387045902,0.3337486016990845,0.24414487844271193,0.16494150736301674,0.3774412984991918,0.28002145404109346,0.37288547987368353,0.1364849531486582,0.23717601124158885
781,0.3071357531696392,0.21987443755781996,0.1665316511966072,0.27306713125761006,0.6427436084406215,0.39038813542464357,0.21228988960911005,0.22578241024229187,0.3642507994225618,0.08101898004635161,0.32715478657441893,0.22633493121449297,0.15205207504563928,0.3822010264163994,0.27807784907285416,0.36825647253304733,0.12621383140752762,0.23569009428693435
786,0.30774594208257755,0.22362621600117974,0.1714667142387097,0.2674484014266929,0.6475299865806626,0.38943296774059605,0.2110581626937616,0.21968003008470655,0.35928354336465806,0.07673307749625981,0.3234149273474038,0.21212790164858983,0.146673979504061,0.37895092110722717,0.27161990680375964,0.3687912997510774,0.12142503144446024,0.23302963367626417
792,0.3015131407376465,0.22620616820395148,0.16570494047624473,0.2654423334684062,0.6292829959866874,0.38404056856419055,0.21877814653901995,0.23287302531590162,0.3755470269826502,0.07849945311944938,0.30860063515328356,0.22498602175793025,0.14939804549855448,0.40362663715011715,0.2755531492469261,0.3748482112055325,0.12176408339139011,0.22783116494762026
796,0.3040219364160094,0.22864570000974727,0.19160512780972114,0.27412468195406975,0.6421500607714185,0.3864211941541778,0.20607687444810097,0.207946702347773,0.3611482295228698,0.07864964495784214,0.3277022968731127,0.19890925726243755,0.15289833599581262,0.38807508080170317,0.28302980867673766,0.3716298585304789,0.13387861569438614,0.2363216880969994
799,0.3030642375397057,0.22005486390326945,0.16569991660129738,0.2698348898279967,0.6426812253251175,0.38797381814802306,0.21263183437044778,0.22580403616971337,0.3650280150835325,0.07933381870846824,0.32070260679137585,0.2242904387139425,0.15153966294094467,0.3818633357997996,0.2825187565705372,0.3669576866992931,0.12487821765400624,0.23429883835828852
801,0.3017158351437651,0.2292409528090619,0.19426294216549708,0.2728334127625093,0.6380753847197173,0.3844518956686414,0.2054977847676853,0.20637867006573324,0.36379102031406657,0.07962354819797272,0.32764529115036567,0.1972894697801167,0.15375413140186675,0.3871217218338359,0.28261034584015554,0.3705193496972453,0.13463624602278,0.23452768591763348
804,0.3022439209888074,0.22795137546453947,0.19898829758418074,0.27559982239578934,0.6367007656808303,0.38443149340643906,0.2028236914456555,0.20184445945886895,0.36351776239429884,0.08304304085479935,0.32884522327943555,0.1964225861925957,0.15799380988923958,0.3917733612427191,0.2738330565739335,0.3745115739894768,0.14146945019503762,0.23572351887938597
807,0.3037967131274496,0.2312305245904511,0.18965966824333247,0.27100158610286423,0.6347757296305749,0.38820376624584213,0.21061722155909698,0.21305905354849666,0.36488635590691987,0.07564240928056913,0.32499077349433814,0.20002205101254492,0.15110011686397232,0.389130325274537,0.2907039897000974,0.37018695546852914,0.13027690973382788,0.23527427724729885
809,0.302845194846451,0.22767198482165005,0.19627451099190066,0.27649880823438244,0.6384918626649568,0.3838840054485981,0.20343952410999414,0.20366623214338597,0.3615167042649121,0.08012433001206344,0.33075327921919856,0.19618619283808045,0.15619382774657736,0.3907736706984574,0.2835248964519576,0.3706375917110549,0.13814614230772518,0.2371352611254436
811,0.3004240198018593,0.21798206362189265,0.16273466877723267,0.2731805211417948,0.6413851547457144,0.38821167306405574,0.21213628893166428,0.2269045833107833,0.3605735436346668,0.08178247023656181,0.3219817543577143,0.2276259862697963,0.15087590238024826,0.3843865600743395,0.26674522915076476,0.36708155698934575,0.12459483913613031,0.23316365024077892
824,0.3020290641997662,0.2283296346208503,0.19066427451612608,0.2746961535000599,0.6317502644648654,0.3827713380853511,0.20708947569247887,0.2082202332641152,0.35874864285404523,0.07612040478578257,0.32371364540717673,0.1961382976836871,0.1505627307087422,0.3911591175051925,0.28168664674868926,0.3656856036339494,0.13057091937167328,0.2378716996950031
827,0.29951434461026016,0.22594942462167075,0.1776359704132457,0.28300323049932313,0.6630528761337815,0.3895764649335671,0.2090046404109367,0.21610741249649645,0.3496705803515426,0.07416548763341786,0.3290419409616717,0.20717421388135387,0.1470912706057118,0.3718693492852726,0.2730161106820006,0.36029353340401404,0.1248519663069633,0.23785796016808727
836,0.30236540375102644,0.22092185626256616,0.16331956284359045,0.267275729221353,0.6332734648097895,0.38467596874395893,0.21472834398923793,0.22917235519549625,0.37346578364442595,0.08136687363951042,0.31615913008630847,0.22741058054607577,0.15061865345115796,0.3971648099538691,0.2685232155904284,0.3707762932462515,0.12308382379597127,0.22944184829972206
837,0.30238796464963735,0.22618146640704523,0.1719325425302738,0.27366999456505453,0.6450919586699448,0.39004738076855267,0.21476979297794654,0.22403329546905065,0.363433148239745,0.07905335121400943,0.3200333634263341,0.21456994147347866,0.14634478818599586,0.3828638260522863,0.27789057304899906,0.36417299025504735,0.12252513711418776,0.23481282020211564
838,0.29787651534752146,0.22784025445266146,0.18372611169548225,0.28042626163702483,0.6487437671572207,0.3908913798417614,0.20869788048204635,0.2143665700650966,0.3560231188728632,0.08193485228148276,0.32563309870817303,0.20381269860486792,0.1492059826164217,0.379691209087625,0.2784852832185103,0.3603106823020226,0.12861749548607454,0.24025196473777838
839,0.2975552439753768,0.20847904027418596,0.15863442794832228,0.27236798410163215,0.6402961065805808,0.3856383152606345,0.2074752954837756,0.22462187528589417,0.36014518658627287,0.07989750396739452,0.3299703878643329,0.23781534291315537,0.15808710881047203,0.37930396028905194,0.2776586800742957,0.36765633641526096,0.13052656455109277,0.23269761866907762
843,0.30201894383607475,0.2233188881059214,0.16858894099147478,0.2715235787879276,0.6372008599254347,0.3834475124853454,0.21442028510341452,0.2267349853315141,0.3639873155181073,0.07732109099260372,0.31924477900190057,0.22141991999302763,0.15009244099438626,0.39577698766584174,0.273055716277725,0.37136547303003764,0.12424108568308316,0.23229560185214762
845,0.3067122645845214,0.22885242078311882,0.17633977217038554,0.26951562813779006,0.6386692724512492,0.38943270512117817,0.2145482223881365,0.22298448429396958,0.36799553662714657,0.07513109726120007,0.3222893719041615,0.21375912050475895,0.14959920104572755,0.38708918048029256,0.2827593066971642,0.3710041559418975,0.12530013880868482,0.2345424116514082
849,0.30431791968465494,0.2063606970609982,0.15917088984640435,0.26499195065394954,0.6400268960258806,0.39087762456990605,0.2049667479360289,0.22364066455805326,0.36031309796702266,0.07741480891703033,0.32708340749686904,0.23958246274236433,0.1602686119004057,0.38930353705356463,0.27053609096777714,0.3743232667137218,0.13271659697803173,0.23526448804477487
851,0.2993428234975108,0.2256050812160686,0.1984585946031627,0.2840979331142563,0.6421668445506641,0.3873913436393516,0.19933994857798992,0.20041032703444334,0.3560692910309879,0.08546541997632333,0.3336580550544662,0.19748365727952694,0.1580877996168999,0.3840737905608964,0.26904017820001014,0.36491052151323244,0.14244545795670213,0.23618404206848803
853,0.30467345470085866,0.20670998761018985,0.164078770664234,0.2714001237423459,0.6426609648206746,0.3836289131950822,0.2035317616847102,0.22066514374156634,0.36472842360862084,0.07666587374195415,0.33327220346821523,0.23733332858732353,0.163120932745497,0.38189427774727336,0.286249392707653,0.3676371607272269,0.1354090224237838,0.23530143224360567
857,0.30140503122012885,0.22120700477423566,0.16876170561872877,0.2770923892694258,0.6522187818616224,0.39408164036070925,0.21208826192698924,0.2252706856277853,0.36008956371717277,0.07596107166919432,0.32781947742296613,0.22353180085451255,0.1513302961999321,0.3787267633797888,0.27186615259706925,0.3626814018087391,0.12530811108475498,0.23907523075326123
862,0.30145501935465646,0.20890242772629852,0.16118302672548845,0.2785892687612069,0.6433486979179142,0.3858407000516714,0.20588946095548016,0.22432992278976785,0.3589617609684035,0.08512532338050932,0.33035453207024457,0.23800871162788856,0.1607818266760712,0.3871251713264232,0.2910065811895232,0.3650956766795173,0.13303369419573122,0.2391564777191103
863,0.299044171408753,0.22401079856480557,0.19863348504154568,0.2826413022594783,0.642798395938218,0.38609780267663746,0.19864739961211428,0.1990460508379658,0.3561344165969552,0.07982009087623126,0.33251592878029884,0.19647555913476916,0.15921091921874972,0.391393892554303,0.26938339715488874,0.36784575969799105,0.14262644984105785,0.23365182857974956
864,0.30425625584461247,0.22747557869483945,0.19600554393166178,0.2729293112113659,0.635399246957856,0.3839651227096717,0.20330428161980627,0.20230401184672658,0.36427526481433664,0.08262589099962576,0.33016290159592054,0.19534762818672297,0.15522806341863785,0.3868313922473895,0.28056493205356803,0.37216092078296725,0.13777836186574569,0.23627451849375256
866,0.30566685184506437,0.2105807258469404,0.1600114396002115,0.27204365218679477,0.6369373815969063,0.3840686027794998,0.20765958287052436,0.2251749936650458,0.36242318444029753,0.07700426666522231,0.32694680442790097,0.235608708116994,0.15653197514654513,0.3835870561508286,0.26316345659242546,0.3721760277139289,0.1292233314989605,0.23087917629246874
871,0.30146793374244435,0.2283872281574852,0.19423885575734903,0.27862157248607045,0.6421008338822953,0.38880584079958486,0.20532438927303137,0.20654027699260372,0.3615668201374454,0.07961999722430442,0.3295009818423703,0.19867808412945007,0.15514443219725324,0.38646083150830207,0.28528907433606004,0.37005819282103675,0.13676500112690101,0.23627653012472488
879,0.30475939343445424,0.21744557197417524,0.15964215620811872,0.264980864097724,0.6377036487549543,0.3882952205608074,0.21170508697951476,0.22958584830210363,0.3599998638454313,0.08163481047609995,0.31984508673319284,0.2319441058999538,0.1508896877107362,0.39258240411835277,0.2517807923955992,0.3712097584944487,0.12434897047159128,0.22961272917217576
882,0.3007341853454941,0.2182269050399611,0.16248712501920537,0.27091497658412345,0.6408727768489795,0.3889586108931577,0.21308587054477646,0.2281291027178505,0.3656758523477086,0.08317113790060232,0.32468721096785824,0.23077502169124392,0.15222177238991094,0.3824457448676885,0.27054456578922254,0.3668940077119045,0.12612775756845487,0.2307867112671308
883,0.30621982400137815,0.21031349515423264,0.1658806886808805,0.27080338401823756,0.6391299466573586,0.3829038480417712,0.20513974080368674,0.22066863210737248,0.36525588972899736,0.07255411595390324,0.3306657602780629,0.23337948018668597,0.16088630819584882,0.3920588785649296,0.27447925886696795,0.3728490441768004,0.1337152930999355,0.231071203322105
886,0.3022965163533382,0.22616527918047533,0.17178824446685342,0.2704695429175575,0.6492216135672186,0.39316987957877897,0.214678997545114,0.2261737844140192,0.3696010520838593,0.08323851822987889,0.3225680438998842,0.21920754096945727,0.15011882849881658,0.3858174503946977,0.2808631640142921,0.36596157893014164,0.12479470156513679,0.24036797908012544
888,0.302549368171483,0.21999607631166726,0.16695558908391783,0.26624050901032065,0.643289292249152,0.3887406837556309,0.21417935504712796,0.22620147584729325,0.3662713170542344,0.08126108688264874,0.32221704145785635,0.22417713505652687,0.15036805959219937,0.3798116166632947,0.28811794150765235,0.365647142182147,0.12456113205241781,0.23165259135192556
889,0.3032025969080564,0.21187644460991406,0.16145952155531693,0.27012104101286366,0.6430119011705788,0.38284439314165813,0.20747399981404813,0.22412801277374325,0.3628262483434156,0.07902536053784903,0.3263743833778412,0.23323430050349578,0.155388011898021,0.3883309061690005,0.269571813204495,0.37147691443197695,0.12796507937167123,0.22845592802865505
890,0.2987768362573747,0.2078247223519983,0.16187270500301412,0.279663562855924,0.6408279133738585,0.3872202213817398,0.20600045256314142,0.22615680174623,0.3652690208356718,0.08540744878999086,0.32912719922213896,0.24205716493712806,0.1653010334494543,0.38761238026014744,0.2999299711168525,0.37129473588148837,0.136609931958686,0.2410094605425117
898,0.3056435171300167,0.22014401018916452,0.16387762772140918,0.2740778794004659,0.6367870496136284,0.38899232188664373,0.2146775717615015,0.23023992672535534,0.3669485589007976,0.0770671133523766,0.31977233311576025,0.23047821763590268,0.152848197938539,0.3864472240407744,0.2773572933893917,0.3685885982100551,0.12582643344072766,0.23393623639985384
912,0.30339844061468874,0.214888265709349,0.16334091932303924,0.2698352492808092,0.6438049221794309,0.3922660194927798,0.20949010333170442,0.2247154869468748,0.36356196105519245,0.0799679213259974,0.32712150082446007,0.2303728829732257,0.1546856740015529,0.38021345971801945,0.2789295289287328,0.3680616422066703,0.12819971895229845,0.23615982161283183
913,0.3095973310605759,0.22398735115404134,0.1683289816869056,0.2696334256021516,0.6463081057254202,0.3898123174928756,0.2127381515403239,0.22158636301727697,0.3611922673466152,0.06995614716776515,0.3244621721471319,0.21348834408294942,0.14315036667447573,0.3710076134841309,0.267380336545812,0.3647310915229679,0.11898154760038009,0.23157588147456376
914,0.29954093573713136,0.22818354380489747,0.17634174715790474,0.2780110962831528,0.6515124876130892,0.3934333558767421,0.21407872026790156,0.2229715866151915,0.35853543253984727,0.07733710906241907,0.3263695869518671,0.21262487574700875,0.14838130342950948,0.3779445351264051,0.28271456585388793,0.3594368899910185,0.12390222286960496,0.24268801378568916
924,0.297674791626866,0.20702996535454013,0.16227062904596715,0.2761082364794458,0.6459899907299826,0.3868305354828732,0.2038084901478954,0.2238062217767307,0.3561064462125932,0.08137321776426042,0.32964106301579427,0.23986697485046346,0.16447829229116895,0.38873817998128546,0.2780375662458263,0.37684204160657,0.13566291109532458,0.23541354167607395
925,0.3038060001313305,0.2282136291535475,0.17674872456882298,0.2673454114690173,0.6395850256729874,0.3839555286274162,0.21274945576494103,0.2193929800481722,0.3664158684009819,0.07798026857678583,0.32061424765902036,0.20889310034749387,0.14700227809274155,0.38191721694180597,0.2759578341869223,0.36937943992280936,0.12343448740422058,0.2352510391238991
929,0.30827745284293095,0.21953207918502288,0.16385369355998675,0.2697460464335101,0.6379000951395314,0.3877345562383719,0.21295436637550286,0.22591179937270014,0.36107868828045386,0.08117934414607293,0.3282150356016497,0.22609764946460548,0.14871138671280693,0.3678745145932703,0.27997265394663085,0.36253490600818633,0.1231392136635411,0.23563157010752805
935,0.30213024611772543,0.20324252590062947,0.15972167318228464,0.2674610858881461,0.6305511713018551,0.3776482753665631,0.20206539030291004,0.22164702788749277,0.3633546841672952,0.07187146213654538,0.32883808024813904,0.2420496464577351,0.1643457086676289,0.39526814582457515,0.2747200846414633,0.37549474777331276,0.13632568556004415,0.23010623832815644
937,0.3070719987537426,0.23008801430638337,0.17645088903789866,0.26094066833879476,0.6309204034607644,0.3846312874886691,0.21558557962500755,0.22197845253231416,0.3667899996921236,0.07231613706947267,0.31777993888248196,0.2086243845167577,0.144084870986651,0.38669742053403783,0.2810194189616951,0.3704152177870462,0.12127422629618609,0.2327708827796082
947,0.29845252581867165,0.20801824869961333,0.15992584856008296,0.27543013044473685,0.6457607340688788,0.38521418237009397,0.2062589568809428,0.2262291162927412,0.366822045631246,0.08352073105207297,0.33229182209131264,0.2415303039149582,0.16211150367577593,0.3843581434045678,0.28545506108947405,0.3692102144753414,0.13388955196591368,0.23503840500308223
958,0.2992244200289936,0.2085674492963728,0.1623821312934466,0.2976032758345428,0.6620586350154344,0.39131018445382526,0.2058031443722571,0.22392377719561948,0.34808285891891455,0.07615538820913452,0.33675450039235627,0.2366818678472442,0.1591750528221105,0.3794519899531352,0.27365956329419616,0.36589831102986553,0.13211548042582297,0.23318990429389336
959,0.29646976503847144,0.2078414993102301,0.16077569565191932,0.30518026539843196,0.6630058947054301,0.3972400707543816,0.20522924016123362,0.22455614768819307,0.34736438733681657,0.07432303518714771,0.3411145158512443,0.2404265677574437,0.16038546785435415,0.37802660504954294,0.27836804595464754,0.3626629972008398,0.133276380214826,0.24142910522463681
967,0.3074876351917902,0.21851926276021605,0.16287732502977786,0.2704957519457519,0.6349517272755104,0.3866556192034438,0.2130987853739622,0.22756484606632665,0.3633266440050003,0.08038795679232268,0.3240920458470447,0.22775342853125038,0.15082620634817243,0.38514679755575904,0.27967996731383793,0.3658258263931839,0.12352430374545897,0.2340451363193502
971,0.30282278016226266,0.2059993930096841,0.15880180634131102,0.28017684743627824,0.6428558867787642,0.3933658126163772,0.2054567899297088,0.22422427893649538,0.356717976930784,0.07917745065138948,0.33366686446691574,0.23919580664022638,0.15920763429643278,0.375861652767731,0.2906591265365858,0.3638898931013863,0.1315597673954962,0.239251807426005
